<?xml version="1.0" encoding="UTF-8"?>
<!DOCTYPE hibernate-configuration PUBLIC
"-//Hibernate/Hibernate Configuration DTD 3.0//EN"
"http://www.hibernate.org/dtd/hibernate-configuration-3.0.dtd">
<hibernate-configuration>
	<session-factory>
		<property name="hibernate.connection.driver_class">com.mysql.jdbc.Driver</property>
		<property name="hibernate.connection.url">jdbc:mysql://localhost:3306/ExamDB</property>
		<property name="hibernate.connection.username">root</property>
		<property name="hibernate.connection.password">Saurabh123#1</property>
		<property name="hibernate.dialect">org.hibernate.dialect.MySQLDialect</property>
		<property name="hbm2ddl.auto">update</property>
		<mapping class="DatabaseConnection.RegisterInfo" />
		<mapping class="DatabaseConnection.LoginInfo" />
		<mapping class="DatabaseConnection.AdminLogin" />
		<mapping class="DatabaseConnection.AddQuestionBtech" />
		<mapping class="DatabaseConnection.AddQuestionPoly" />
		<mapping class="DatabaseConnection.AddQuestionMBA" />
		<mapping class="DatabaseConnection.InputExam" />
		<mapping class="DatabaseConnection.AllAdmin" />
		<mapping class="DatabaseConnection.Result" />
		
	</session-factory>
</hibernate-configuration>

